Sports,Fitness,Programming,"Arts and
Music",Movies,Reading,Writing,Travelling
0,0,1,0,1,1,0,1
1,0,1,1,1,1,0,1
0,0,1,0,1,1,0,0
1,0,0,1,0,1,0,1
1,0,0,0,1,1,0,1
0,0,0,0,1,1,0,0
1,0,1,1,1,1,0,0
0,1,1,0,0,0,0,0
0,1,1,1,1,0,1,0
1,0,0,1,0,1,0,1
0,0,1,1,1,0,0,1
0,0,0,0,1,0,0,1
1,0,0,0,0,0,0,0
1,1,1,0,0,0,0,1
1,1,1,0,0,0,0,0
1,0,1,0,1,0,0,1
1,0,0,0,0,1,0,1
0,0,0,1,1,1,0,0
1,1,1,0,1,1,0,1
1,1,1,0,1,1,0,0
1,0,1,1,1,1,0,1
1,1,1,0,1,0,0,0
1,1,0,1,1,0,0,0
0,0,0,0,0,1,0,0
1,0,1,0,1,0,0,0
0,0,0,0,0,1,0,0
1,1,1,1,1,1,0,1
0,0,0,0,1,0,0,0
1,1,0,0,1,1,0,1
0,0,1,0,1,1,0,1
1,0,1,1,1,1,0,1
0,0,1,0,1,1,0,0
1,0,0,1,0,1,0,1
1,0,0,0,1,1,0,1
0,0,0,0,1,1,0,0
1,0,1,1,1,1,0,0
0,1,1,0,0,0,0,0
0,1,1,1,1,0,1,0
1,0,0,1,0,1,0,1
0,0,1,1,1,0,0,1
0,0,0,0,1,0,0,1
1,0,0,0,0,0,0,0
1,1,1,0,0,0,0,1
1,1,1,0,0,0,0,0
1,0,1,0,1,0,0,1
1,0,0,0,0,1,0,1
0,0,0,1,1,1,0,0
1,1,1,0,1,1,0,1
1,1,1,0,1,1,0,0
1,0,1,1,1,1,0,1
1,1,1,0,1,0,0,0
1,1,0,1,1,0,0,0
0,0,0,0,0,1,0,0
1,0,1,0,1,0,0,0
0,0,0,0,0,1,0,0
1,1,1,1,1,1,0,1
0,0,0,0,1,0,0,0
1,1,0,0,1,1,0,1
0,0,1,0,1,1,0,1
1,0,1,1,1,1,0,1
0,0,1,0,1,1,0,0
1,0,0,1,0,1,0,1
1,0,0,0,1,1,0,1
0,0,0,0,1,1,0,0
1,0,1,1,1,1,0,0
0,1,1,0,0,0,0,0
0,1,1,1,1,0,1,0
1,0,0,1,0,1,0,1
0,0,1,1,1,0,0,1
0,0,0,0,1,0,0,1
1,0,0,0,0,0,0,0
1,1,1,0,0,0,0,1
1,1,1,0,0,0,0,0
1,0,1,0,1,0,0,1
1,0,0,0,0,1,0,1
0,0,0,1,1,1,0,0
1,1,1,0,1,1,0,1
1,1,1,0,1,1,0,0
1,0,1,1,1,1,0,1
1,1,1,0,1,0,0,0
1,1,0,1,1,0,0,0
0,0,0,0,0,1,0,0
1,0,1,0,1,0,0,0
0,0,0,0,0,1,0,0
1,1,1,1,1,1,0,1
0,0,0,0,1,0,0,0
1,1,0,0,1,1,0,1
0,0,1,0,1,1,0,1
1,0,1,1,1,1,0,1
0,0,1,0,1,1,0,0
1,0,0,1,0,1,0,1
1,0,0,0,1,1,0,1
0,0,0,0,1,1,0,0
1,0,1,1,1,1,0,0
0,1,1,0,0,0,0,0
0,1,1,1,1,0,1,0
1,0,0,1,0,1,0,1
0,0,1,1,1,0,0,1
0,0,0,0,1,0,0,1
1,0,0,0,0,0,0,0
1,1,1,0,0,0,0,1
1,1,1,0,0,0,0,0
1,0,1,0,1,0,0,1
1,0,0,0,0,1,0,1
0,0,0,1,1,1,0,0
1,1,1,0,1,1,0,1
1,1,1,0,1,1,0,0
1,0,1,1,1,1,0,1
1,1,1,0,1,0,0,0
1,1,0,1,1,0,0,0
0,0,0,0,0,1,0,0
1,0,1,0,1,0,0,0
0,0,0,0,0,1,0,0
1,1,1,1,1,1,0,1
0,0,0,0,1,0,0,0
1,1,0,0,1,1,0,1
0,0,1,0,1,1,0,1
1,0,1,1,1,1,0,1
0,0,1,0,1,1,0,0
1,0,0,1,0,1,0,1
1,0,0,0,1,1,0,1
0,0,0,0,1,1,0,0
1,0,1,1,1,1,0,0
0,1,1,0,0,0,0,0
0,1,1,1,1,0,1,0
1,0,0,1,0,1,0,1
0,0,1,1,1,0,0,1
0,0,0,0,1,0,0,1
1,0,0,0,0,0,0,0
1,1,1,0,0,0,0,1
1,1,1,0,0,0,0,0
1,0,1,0,1,0,0,1
1,0,0,0,0,1,0,1
0,0,0,1,1,1,0,0
1,1,1,0,1,1,0,1
1,1,1,0,1,1,0,0
1,0,1,1,1,1,0,1
1,1,1,0,1,0,0,0
1,1,0,1,1,0,0,0
0,0,0,0,0,1,0,0
1,0,1,0,1,0,0,0
0,0,0,0,0,1,0,0
1,1,1,1,1,1,0,1
0,0,0,0,1,0,0,0
1,1,0,0,1,1,0,1
0,0,1,0,1,1,0,1
1,0,1,1,1,1,0,1
0,0,1,0,1,1,0,0
1,0,0,1,0,1,0,1
1,0,0,0,1,1,0,1
0,0,0,0,1,1,0,0
1,0,1,1,1,1,0,0
0,1,1,0,0,0,0,0
0,1,1,1,1,0,1,0
1,0,0,1,0,1,0,1
0,0,1,1,1,0,0,1
0,0,0,0,1,0,0,1
1,0,0,0,0,0,0,0
1,1,1,0,0,0,0,1
1,1,1,0,0,0,0,0
1,0,1,0,1,0,0,1
1,0,0,0,0,1,0,1
0,0,0,1,1,1,0,0
1,1,1,0,1,1,0,1
1,1,1,0,1,1,0,0
1,0,1,1,1,1,0,1
1,1,1,0,1,0,0,0
1,1,0,1,1,0,0,0
0,0,0,0,0,1,0,0
1,0,1,0,1,0,0,0
0,0,0,0,0,1,0,0
1,1,1,1,1,1,0,1
0,0,0,0,1,0,0,0
1,1,0,0,1,1,0,1
0,0,1,0,1,1,0,1
1,0,1,1,1,1,0,1
0,0,1,0,1,1,0,0
1,0,0,1,0,1,0,1
1,0,0,0,1,1,0,1
0,0,0,0,1,1,0,0
1,0,1,1,1,1,0,0
0,1,1,0,0,0,0,0
0,1,1,1,1,0,1,0
1,0,0,1,0,1,0,1
0,0,1,1,1,0,0,1
0,0,0,0,1,0,0,1
1,0,0,0,0,0,0,0
1,1,1,0,0,0,0,1
1,1,1,0,0,0,0,0
1,0,1,0,1,0,0,1
1,0,0,0,0,1,0,1
0,0,0,1,1,1,0,0
1,1,1,0,1,1,0,1
1,1,1,0,1,1,0,0
1,0,1,1,1,1,0,1
1,1,1,0,1,0,0,0
1,1,0,1,1,0,0,0
0,0,0,0,0,1,0,0
1,0,1,0,1,0,0,0
0,0,0,0,0,1,0,0
1,1,1,1,1,1,0,1
0,0,0,0,1,0,0,0
1,1,0,0,1,1,0,1
0,0,1,0,1,1,0,1
1,0,1,1,1,1,0,1
0,0,1,0,1,1,0,0
1,0,0,1,0,1,0,1
1,0,0,0,1,1,0,1
0,0,0,0,1,1,0,0
1,0,1,1,1,1,0,0
0,1,1,0,0,0,0,0
0,1,1,1,1,0,1,0
1,0,0,1,0,1,0,1
0,0,1,1,1,0,0,1
0,0,0,0,1,0,0,1
1,0,0,0,0,0,0,0
1,1,1,0,0,0,0,1
1,1,1,0,0,0,0,0
1,0,1,0,1,0,0,1
1,0,0,0,0,1,0,1
0,0,0,1,1,1,0,0
1,1,1,0,1,1,0,1
1,1,1,0,1,1,0,0
1,0,1,1,1,1,0,1
1,1,1,0,1,0,0,0
1,1,0,1,1,0,0,0
0,0,0,0,0,1,0,0
1,0,1,0,1,0,0,0
0,0,0,0,0,1,0,0
1,1,1,1,1,1,0,1
0,0,0,0,1,0,0,0
1,1,0,0,1,1,0,1
0,0,1,0,1,1,0,1
1,0,1,1,1,1,0,1
0,0,1,0,1,1,0,0
1,0,0,1,0,1,0,1
1,0,0,0,1,1,0,1
0,0,0,0,1,1,0,0
1,0,1,1,1,1,0,0
0,1,1,0,0,0,0,0
0,1,1,1,1,0,1,0
1,0,0,1,0,1,0,1
0,0,1,1,1,0,0,1
0,0,0,0,1,0,0,1
1,0,0,0,0,0,0,0
1,1,1,0,0,0,0,1
1,1,1,0,0,0,0,0
1,0,1,0,1,0,0,1
1,0,0,0,0,1,0,1
0,0,0,1,1,1,0,0
1,1,1,0,1,1,0,1
1,1,1,0,1,1,0,0
1,0,1,1,1,1,0,1
1,1,1,0,1,0,0,0
1,1,0,1,1,0,0,0
0,0,0,0,0,1,0,0
1,0,1,0,1,0,0,0
0,0,0,0,0,1,0,0
1,1,1,1,1,1,0,1
0,0,0,0,1,0,0,0
1,1,0,0,1,1,0,1
0,0,1,0,1,1,0,1
1,0,1,1,1,1,0,1
0,0,1,0,1,1,0,0
1,0,0,1,0,1,0,1
1,0,0,0,1,1,0,1
0,0,0,0,1,1,0,0
1,0,1,1,1,1,0,0
0,1,1,0,0,0,0,0
0,1,1,1,1,0,1,0
1,0,0,1,0,1,0,1
0,0,1,1,1,0,0,1
0,0,0,0,1,0,0,1
1,0,0,0,0,0,0,0
1,1,1,0,0,0,0,1
1,1,1,0,0,0,0,0
1,0,1,0,1,0,0,1
1,0,0,0,0,1,0,1
0,0,0,1,1,1,0,0
1,1,1,0,1,1,0,1
1,1,1,0,1,1,0,0
1,0,1,1,1,1,0,1
1,1,1,0,1,0,0,0
1,1,0,1,1,0,0,0
0,0,0,0,0,1,0,0
1,0,1,0,1,0,0,0
0,0,0,0,0,1,0,0
1,1,1,1,1,1,0,1
0,0,0,0,1,0,0,0
1,1,0,0,1,1,0,1
0,0,1,0,1,1,0,1
1,0,1,1,1,1,0,1
0,0,1,0,1,1,0,0
1,0,0,1,0,1,0,1
1,0,0,0,1,1,0,1
0,0,0,0,1,1,0,0
1,0,1,1,1,1,0,0
0,1,1,0,0,0,0,0
0,1,1,1,1,0,1,0
1,0,0,1,0,1,0,1
0,0,1,1,1,0,0,1
0,0,0,0,1,0,0,1
1,0,0,0,0,0,0,0
1,1,1,0,0,0,0,1
1,1,1,0,0,0,0,0
1,0,1,0,1,0,0,1
1,0,0,0,0,1,0,1
0,0,0,1,1,1,0,0
1,1,1,0,1,1,0,1
1,1,1,0,1,1,0,0
1,0,1,1,1,1,0,1
1,1,1,0,1,0,0,0
1,1,0,1,1,0,0,0
0,0,0,0,0,1,0,0
1,0,1,0,1,0,0,0
0,0,0,0,0,1,0,0
1,1,1,1,1,1,0,1
0,0,0,0,1,0,0,0
1,1,0,0,1,1,0,1
0,0,1,0,1,1,0,1
1,0,1,1,1,1,0,1
0,0,1,0,1,1,0,0
1,0,0,1,0,1,0,1
1,0,0,0,1,1,0,1
0,0,0,0,1,1,0,0
1,0,1,1,1,1,0,0
0,1,1,0,0,0,0,0
0,1,1,1,1,0,1,0
1,0,0,1,0,1,0,1
0,0,1,1,1,0,0,1
0,0,0,0,1,0,0,1
1,0,0,0,0,0,0,0
1,1,1,0,0,0,0,1
1,1,1,0,0,0,0,0
1,0,1,0,1,0,0,1
1,0,0,0,0,1,0,1
0,0,0,1,1,1,0,0
1,1,1,0,1,1,0,1
1,1,1,0,1,1,0,0
1,0,1,1,1,1,0,1
1,1,1,0,1,0,0,0
1,1,0,1,1,0,0,0
0,0,0,0,0,1,0,0
1,0,1,0,1,0,0,0
0,0,0,0,0,1,0,0
1,1,1,1,1,1,0,1
0,0,0,0,1,0,0,0
1,1,0,0,1,1,0,1
0,0,1,0,1,1,0,1
1,0,1,1,1,1,0,1
0,0,1,0,1,1,0,0
1,0,0,1,0,1,0,1
1,0,0,0,1,1,0,1
0,0,0,0,1,1,0,0
1,0,1,1,1,1,0,0
0,1,1,0,0,0,0,0
0,1,1,1,1,0,1,0
1,0,0,1,0,1,0,1
0,0,1,1,1,0,0,1
0,0,0,0,1,0,0,1
1,0,0,0,0,0,0,0
1,1,1,0,0,0,0,1
1,1,1,0,0,0,0,0
1,0,1,0,1,0,0,1
1,0,0,0,0,1,0,1
0,0,0,1,1,1,0,0
1,1,1,0,1,1,0,1
1,1,1,0,1,1,0,0
1,0,1,1,1,1,0,1
1,1,1,0,1,0,0,0
1,1,0,1,1,0,0,0
0,0,0,0,0,1,0,0
1,0,1,0,1,0,0,0
0,0,0,0,0,1,0,0
1,1,1,1,1,1,0,1
0,0,0,0,1,0,0,0
1,1,0,0,1,1,0,1
0,0,1,0,1,1,0,1
1,0,1,1,1,1,0,1
0,0,1,0,1,1,0,0
1,0,0,1,0,1,0,1
1,0,0,0,1,1,0,1
0,0,0,0,1,1,0,0
1,0,1,1,1,1,0,0
0,1,1,0,0,0,0,0
0,1,1,1,1,0,1,0
1,0,0,1,0,1,0,1
0,0,1,1,1,0,0,1
0,0,0,0,1,0,0,1
1,0,0,0,0,0,0,0
1,1,1,0,0,0,0,1
1,1,1,0,0,0,0,0
1,0,1,0,1,0,0,1
1,0,0,0,0,1,0,1
0,0,0,1,1,1,0,0
1,1,1,0,1,1,0,1
1,1,1,0,1,1,0,0
1,0,1,1,1,1,0,1
1,1,1,0,1,0,0,0
1,1,0,1,1,0,0,0
0,0,0,0,0,1,0,0
1,0,1,0,1,0,0,0
0,0,0,0,0,1,0,0
1,1,1,1,1,1,0,1
0,0,0,0,1,0,0,0
1,1,0,0,1,1,0,1
0,0,1,0,1,1,0,1
1,0,1,1,1,1,0,1
0,0,1,0,1,1,0,0
1,0,0,1,0,1,0,1
1,0,0,0,1,1,0,1
0,0,0,0,1,1,0,0
1,0,1,1,1,1,0,0
0,1,1,0,0,0,0,0
0,1,1,1,1,0,1,0
1,0,0,1,0,1,0,1
0,0,1,1,1,0,0,1
0,0,0,0,1,0,0,1
1,0,0,0,0,0,0,0
1,1,1,0,0,0,0,1
1,1,1,0,0,0,0,0
1,0,1,0,1,0,0,1
1,0,0,0,0,1,0,1
0,0,0,1,1,1,0,0
1,1,1,0,1,1,0,1
1,1,1,0,1,1,0,0
1,0,1,1,1,1,0,1
1,1,1,0,1,0,0,0
1,1,0,1,1,0,0,0
0,0,0,0,0,1,0,0
1,0,1,0,1,0,0,0
0,0,0,0,0,1,0,0
1,1,1,1,1,1,0,1
0,0,0,0,1,0,0,0
1,1,0,0,1,1,0,1
0,0,1,0,1,1,0,1
1,0,1,1,1,1,0,1
0,0,1,0,1,1,0,0
1,0,0,1,0,1,0,1
1,0,0,0,1,1,0,1
0,0,0,0,1,1,0,0
1,0,1,1,1,1,0,0
0,1,1,0,0,0,0,0
0,1,1,1,1,0,1,0
1,0,0,1,0,1,0,1
0,0,1,1,1,0,0,1
0,0,0,0,1,0,0,1
1,0,0,0,0,0,0,0
1,1,1,0,0,0,0,1
1,1,1,0,0,0,0,0
1,0,1,0,1,0,0,1
1,0,0,0,0,1,0,1
0,0,0,1,1,1,0,0
1,1,1,0,1,1,0,1
1,1,1,0,1,1,0,0
1,0,1,1,1,1,0,1
1,1,1,0,1,0,0,0
1,1,0,1,1,0,0,0
0,0,0,0,0,1,0,0
1,0,1,0,1,0,0,0
0,0,0,0,0,1,0,0
1,1,1,1,1,1,0,1
0,0,0,0,1,0,0,0
1,1,0,0,1,1,0,1
0,0,1,0,1,1,0,1
1,0,1,1,1,1,0,1
0,0,1,0,1,1,0,0
1,0,0,1,0,1,0,1
1,0,0,0,1,1,0,1
0,0,0,0,1,1,0,0
1,0,1,1,1,1,0,0
0,1,1,0,0,0,0,0
0,1,1,1,1,0,1,0
1,0,0,1,0,1,0,1
0,0,1,1,1,0,0,1
0,0,0,0,1,0,0,1
1,0,0,0,0,0,0,0
1,1,1,0,0,0,0,1
1,1,1,0,0,0,0,0
1,0,1,0,1,0,0,1
1,0,0,0,0,1,0,1
0,0,0,1,1,1,0,0
1,1,1,0,1,1,0,1
1,1,1,0,1,1,0,0
1,0,1,1,1,1,0,1
1,1,1,0,1,0,0,0
1,1,0,1,1,0,0,0
0,0,0,0,0,1,0,0
1,0,1,0,1,0,0,0
0,0,0,0,0,1,0,0
1,1,1,1,1,1,0,1
0,0,0,0,1,0,0,0
1,1,0,0,1,1,0,1
0,0,1,0,1,1,0,1
1,0,1,1,1,1,0,1
0,0,1,0,1,1,0,0
1,0,0,1,0,1,0,1
1,0,0,0,1,1,0,1
0,0,0,0,1,1,0,0
1,0,1,1,1,1,0,0
0,1,1,0,0,0,0,0
0,1,1,1,1,0,1,0
1,0,0,1,0,1,0,1
0,0,1,1,1,0,0,1
0,0,0,0,1,0,0,1
1,0,0,0,0,0,0,0
1,1,1,0,0,0,0,1
1,1,1,0,0,0,0,0
1,0,1,0,1,0,0,1
1,0,0,0,0,1,0,1
0,0,0,1,1,1,0,0
1,1,1,0,1,1,0,1
1,1,1,0,1,1,0,0
1,0,1,1,1,1,0,1
1,1,1,0,1,0,0,0
1,1,0,1,1,0,0,0
0,0,0,0,0,1,0,0
1,0,1,0,1,0,0,0
0,0,0,0,0,1,0,0
1,1,1,1,1,1,0,1
0,0,0,0,1,0,0,0
1,1,0,0,1,1,0,1
0,0,1,0,1,1,0,1
1,0,1,1,1,1,0,1
0,0,1,0,1,1,0,0
1,0,0,1,0,1,0,1
1,0,0,0,1,1,0,1
0,0,0,0,1,1,0,0
1,0,1,1,1,1,0,0
0,1,1,0,0,0,0,0
0,1,1,1,1,0,1,0
1,0,0,1,0,1,0,1
0,0,1,1,1,0,0,1
0,0,0,0,1,0,0,1
1,0,0,0,0,0,0,0
1,1,1,0,0,0,0,1
1,1,1,0,0,0,0,0
1,0,1,0,1,0,0,1
1,0,0,0,0,1,0,1
0,0,0,1,1,1,0,0
1,1,1,0,1,1,0,1
1,1,1,0,1,1,0,0
1,0,1,1,1,1,0,1
1,1,1,0,1,0,0,0
1,1,0,1,1,0,0,0
0,0,0,0,0,1,0,0
1,0,1,0,1,0,0,0
0,0,0,0,0,1,0,0
1,1,1,1,1,1,0,1
0,0,0,0,1,0,0,0
1,1,0,0,1,1,0,1
0,0,1,0,1,1,0,1
1,0,1,1,1,1,0,1
0,0,1,0,1,1,0,0
1,0,0,1,0,1,0,1
1,0,0,0,1,1,0,1
0,0,0,0,1,1,0,0
1,0,1,1,1,1,0,0
0,1,1,0,0,0,0,0
0,1,1,1,1,0,1,0
1,0,0,1,0,1,0,1
0,0,1,1,1,0,0,1
0,0,0,0,1,0,0,1
1,0,0,0,0,0,0,0
1,1,1,0,0,0,0,1
1,1,1,0,0,0,0,0
1,0,1,0,1,0,0,1
1,0,0,0,0,1,0,1
0,0,0,1,1,1,0,0
1,1,1,0,1,1,0,1
1,1,1,0,1,1,0,0
1,0,1,1,1,1,0,1
1,1,1,0,1,0,0,0
1,1,0,1,1,0,0,0
0,0,0,0,0,1,0,0
1,0,1,0,1,0,0,0
0,0,0,0,0,1,0,0
1,1,1,1,1,1,0,1
0,0,0,0,1,0,0,0
1,1,0,0,1,1,0,1
0,0,1,0,1,1,0,1
1,0,1,1,1,1,0,1
0,0,1,0,1,1,0,0
1,0,0,1,0,1,0,1
1,0,0,0,1,1,0,1
0,0,0,0,1,1,0,0
1,0,1,1,1,1,0,0
0,1,1,0,0,0,0,0
0,1,1,1,1,0,1,0
1,0,0,1,0,1,0,1
0,0,1,1,1,0,0,1
0,0,0,0,1,0,0,1
1,0,0,0,0,0,0,0
1,1,1,0,0,0,0,1
1,1,1,0,0,0,0,0
1,0,1,0,1,0,0,1
1,0,0,0,0,1,0,1
0,0,0,1,1,1,0,0
1,1,1,0,1,1,0,1
1,1,1,0,1,1,0,0
1,0,1,1,1,1,0,1
1,1,1,0,1,0,0,0
1,1,0,1,1,0,0,0
0,0,0,0,0,1,0,0
1,0,1,0,1,0,0,0
0,0,0,0,0,1,0,0
1,1,1,1,1,1,0,1
0,0,0,0,1,0,0,0
1,1,0,0,1,1,0,1
0,0,1,0,1,1,0,1
1,0,1,1,1,1,0,1
0,0,1,0,1,1,0,0
1,0,0,1,0,1,0,1
1,0,0,0,1,1,0,1
0,0,0,0,1,1,0,0
1,0,1,1,1,1,0,0
0,1,1,0,0,0,0,0
0,1,1,1,1,0,1,0
1,0,0,1,0,1,0,1
0,0,1,1,1,0,0,1
0,0,0,0,1,0,0,1
1,0,0,0,0,0,0,0
1,1,1,0,0,0,0,1
1,1,1,0,0,0,0,0
1,0,1,0,1,0,0,1
1,0,0,0,0,1,0,1
0,0,0,1,1,1,0,0
1,1,1,0,1,1,0,1
1,1,1,0,1,1,0,0
1,0,1,1,1,1,0,1
1,1,1,0,1,0,0,0
1,1,0,1,1,0,0,0
0,0,0,0,0,1,0,0
1,0,1,0,1,0,0,0
0,0,0,0,0,1,0,0
1,1,1,1,1,1,0,1
0,0,0,0,1,0,0,0
1,1,0,0,1,1,0,1
0,0,1,0,1,1,0,1
1,0,1,1,1,1,0,1
0,0,1,0,1,1,0,0
1,0,0,1,0,1,0,1
1,0,0,0,1,1,0,1
0,0,0,0,1,1,0,0
1,0,1,1,1,1,0,0
0,1,1,0,0,0,0,0
0,1,1,1,1,0,1,0
1,0,0,1,0,1,0,1
0,0,1,1,1,0,0,1
0,0,0,0,1,0,0,1
1,0,0,0,0,0,0,0
1,1,1,0,0,0,0,1
1,1,1,0,0,0,0,0
1,0,1,0,1,0,0,1
1,0,0,0,0,1,0,1
0,0,0,1,1,1,0,0
1,1,1,0,1,1,0,1
1,1,1,0,1,1,0,0
1,0,1,1,1,1,0,1
1,1,1,0,1,0,0,0
1,1,0,1,1,0,0,0
0,0,0,0,0,1,0,0
1,0,1,0,1,0,0,0
0,0,0,0,0,1,0,0
1,1,1,1,1,1,0,1
0,0,0,0,1,0,0,0
1,1,0,0,1,1,0,1
0,0,1,0,1,1,0,1
1,0,1,1,1,1,0,1
0,0,1,0,1,1,0,0
1,0,0,1,0,1,0,1
1,0,0,0,1,1,0,1
0,0,0,0,1,1,0,0
1,0,1,1,1,1,0,0
0,1,1,0,0,0,0,0
0,1,1,1,1,0,1,0
1,0,0,1,0,1,0,1
0,0,1,1,1,0,0,1
0,0,0,0,1,0,0,1
1,0,0,0,0,0,0,0
1,1,1,0,0,0,0,1
1,1,1,0,0,0,0,0
1,0,1,0,1,0,0,1
1,0,0,0,0,1,0,1
0,0,0,1,1,1,0,0
1,1,1,0,1,1,0,1
1,1,1,0,1,1,0,0
1,0,1,1,1,1,0,1
1,1,1,0,1,0,0,0
1,1,0,1,1,0,0,0
0,0,0,0,0,1,0,0
1,0,1,0,1,0,0,0
0,0,0,0,0,1,0,0
1,1,1,1,1,1,0,1
0,0,0,0,1,0,0,0
1,1,0,0,1,1,0,1
0,0,1,0,1,1,0,1
1,0,1,1,1,1,0,1
0,0,1,0,1,1,0,0
1,0,0,1,0,1,0,1
1,0,0,0,1,1,0,1
0,0,0,0,1,1,0,0
1,0,1,1,1,1,0,0
0,1,1,0,0,0,0,0
0,1,1,1,1,0,1,0
1,0,0,1,0,1,0,1
0,0,1,1,1,0,0,1
0,0,0,0,1,0,0,1
1,0,0,0,0,0,0,0
1,1,1,0,0,0,0,1
1,1,1,0,0,0,0,0
1,0,1,0,1,0,0,1
1,0,0,0,0,1,0,1
0,0,0,1,1,1,0,0
1,1,1,0,1,1,0,1
1,1,1,0,1,1,0,0
1,0,1,1,1,1,0,1
1,1,1,0,1,0,0,0
1,1,0,1,1,0,0,0
0,0,0,0,0,1,0,0
1,0,1,0,1,0,0,0
0,0,0,0,0,1,0,0
1,1,1,1,1,1,0,1
0,0,0,0,1,0,0,0
1,1,0,0,1,1,0,1
0,0,1,0,1,1,0,1
1,0,1,1,1,1,0,1
0,0,1,0,1,1,0,0
1,0,0,1,0,1,0,1
1,0,0,0,1,1,0,1
0,0,0,0,1,1,0,0
1,0,1,1,1,1,0,0
0,1,1,0,0,0,0,0
0,1,1,1,1,0,1,0
1,0,0,1,0,1,0,1
0,0,1,1,1,0,0,1
0,0,0,0,1,0,0,1
1,0,0,0,0,0,0,0
1,1,1,0,0,0,0,1
1,1,1,0,0,0,0,0
1,0,1,0,1,0,0,1
1,0,0,0,0,1,0,1
0,0,0,1,1,1,0,0
1,1,1,0,1,1,0,1
1,1,1,0,1,1,0,0
1,0,1,1,1,1,0,1
1,1,1,0,1,0,0,0
1,1,0,1,1,0,0,0
0,0,0,0,0,1,0,0
1,0,1,0,1,0,0,0
0,0,0,0,0,1,0,0
1,1,1,1,1,1,0,1
0,0,0,0,1,0,0,0
1,1,0,0,1,1,0,1
0,0,1,0,1,1,0,1
1,0,1,1,1,1,0,1
0,0,1,0,1,1,0,0
1,0,0,1,0,1,0,1
1,0,0,0,1,1,0,1
0,0,0,0,1,1,0,0
1,0,1,1,1,1,0,0
0,1,1,0,0,0,0,0
0,1,1,1,1,0,1,0
1,0,0,1,0,1,0,1
0,0,1,1,1,0,0,1
0,0,0,0,1,0,0,1
1,0,0,0,0,0,0,0
1,1,1,0,0,0,0,1
1,1,1,0,0,0,0,0
1,0,1,0,1,0,0,1
1,0,0,0,0,1,0,1
0,0,0,1,1,1,0,0
1,1,1,0,1,1,0,1
1,1,1,0,1,1,0,0
1,0,1,1,1,1,0,1
1,1,1,0,1,0,0,0
1,1,0,1,1,0,0,0
0,0,0,0,0,1,0,0
1,0,1,0,1,0,0,0
0,0,0,0,0,1,0,0
1,1,1,1,1,1,0,1
0,0,0,0,1,0,0,0
1,1,0,0,1,1,0,1
0,0,1,0,1,1,0,1
1,0,1,1,1,1,0,1
0,0,1,0,1,1,0,0
1,0,0,1,0,1,0,1
1,0,0,0,1,1,0,1
0,0,0,0,1,1,0,0
1,0,1,1,1,1,0,0
0,1,1,0,0,0,0,0
0,1,1,1,1,0,1,0
1,0,0,1,0,1,0,1
0,0,1,1,1,0,0,1
0,0,0,0,1,0,0,1
1,0,0,0,0,0,0,0
1,1,1,0,0,0,0,1
1,1,1,0,0,0,0,0
1,0,1,0,1,0,0,1
1,0,0,0,0,1,0,1
0,0,0,1,1,1,0,0
1,1,1,0,1,1,0,1
1,1,1,0,1,1,0,0
1,0,1,1,1,1,0,1
1,1,1,0,1,0,0,0
1,1,0,1,1,0,0,0
0,0,0,0,0,1,0,0
1,0,1,0,1,0,0,0
0,0,0,0,0,1,0,0
1,1,1,1,1,1,0,1
0,0,0,0,1,0,0,0
1,1,0,0,1,1,0,1
0,0,1,0,1,1,0,1
1,0,1,1,1,1,0,1
0,0,1,0,1,1,0,0
1,0,0,1,0,1,0,1
1,0,0,0,1,1,0,1
0,0,0,0,1,1,0,0
1,0,1,1,1,1,0,0
0,1,1,0,0,0,0,0
0,1,1,1,1,0,1,0
1,0,0,1,0,1,0,1
0,0,1,1,1,0,0,1
0,0,0,0,1,0,0,1
1,0,0,0,0,0,0,0
1,1,1,0,0,0,0,1
1,1,1,0,0,0,0,0
1,0,1,0,1,0,0,1
1,0,0,0,0,1,0,1
0,0,0,1,1,1,0,0
1,1,1,0,1,1,0,1
1,1,1,0,1,1,0,0
1,0,1,1,1,1,0,1
1,1,1,0,1,0,0,0
1,1,0,1,1,0,0,0
0,0,0,0,0,1,0,0
1,0,1,0,1,0,0,0
0,0,0,0,0,1,0,0
1,1,1,1,1,1,0,1
0,0,0,0,1,0,0,0
1,1,0,0,1,1,0,1
0,0,1,0,1,1,0,1
1,0,1,1,1,1,0,1
0,0,1,0,1,1,0,0
1,0,0,1,0,1,0,1
1,0,0,0,1,1,0,1
0,0,0,0,1,1,0,0
1,0,1,1,1,1,0,0
0,1,1,0,0,0,0,0
0,1,1,1,1,0,1,0
1,0,0,1,0,1,0,1
0,0,1,1,1,0,0,1
0,0,0,0,1,0,0,1
1,0,0,0,0,0,0,0
1,1,1,0,0,0,0,1
1,1,1,0,0,0,0,0
1,0,1,0,1,0,0,1
1,0,0,0,0,1,0,1
0,0,0,1,1,1,0,0
1,1,1,0,1,1,0,1
1,1,1,0,1,1,0,0
1,0,1,1,1,1,0,1
1,1,1,0,1,0,0,0
1,1,0,1,1,0,0,0
0,0,0,0,0,1,0,0
1,0,1,0,1,0,0,0
0,0,0,0,0,1,0,0
1,1,1,1,1,1,0,1
0,0,0,0,1,0,0,0
1,1,0,0,1,1,0,1
0,0,1,0,1,1,0,1
1,0,1,1,1,1,0,1
0,0,1,0,1,1,0,0
1,0,0,1,0,1,0,1
1,0,0,0,1,1,0,1
0,0,0,0,1,1,0,0
1,0,1,1,1,1,0,0
0,1,1,0,0,0,0,0
0,1,1,1,1,0,1,0
1,0,0,1,0,1,0,1
0,0,1,1,1,0,0,1
0,0,0,0,1,0,0,1
1,0,0,0,0,0,0,0
1,1,1,0,0,0,0,1
1,1,1,0,0,0,0,0
1,0,1,0,1,0,0,1
1,0,0,0,0,1,0,1
0,0,0,1,1,1,0,0
1,1,1,0,1,1,0,1
1,1,1,0,1,1,0,0
1,0,1,1,1,1,0,1
1,1,1,0,1,0,0,0
1,1,0,1,1,0,0,0
0,0,0,0,0,1,0,0
1,0,1,0,1,0,0,0
0,0,0,0,0,1,0,0
1,1,1,1,1,1,0,1
0,0,0,0,1,0,0,0
1,1,0,0,1,1,0,1
0,0,1,0,1,1,0,1
1,0,1,1,1,1,0,1
0,0,1,0,1,1,0,0
1,0,0,1,0,1,0,1
1,0,0,0,1,1,0,1
0,0,0,0,1,1,0,0
1,0,1,1,1,1,0,0
0,1,1,0,0,0,0,0
0,1,1,1,1,0,1,0
1,0,0,1,0,1,0,1
0,0,1,1,1,0,0,1
0,0,0,0,1,0,0,1
1,0,0,0,0,0,0,0
1,1,1,0,0,0,0,1
1,1,1,0,0,0,0,0
1,0,1,0,1,0,0,1
1,0,0,0,0,1,0,1
0,0,0,1,1,1,0,0
1,1,1,0,1,1,0,1
1,1,1,0,1,1,0,0
1,0,1,1,1,1,0,1
1,1,1,0,1,0,0,0
1,1,0,1,1,0,0,0
0,0,0,0,0,1,0,0
1,0,1,0,1,0,0,0
0,0,0,0,0,1,0,0
1,1,1,1,1,1,0,1
0,0,0,0,1,0,0,0
1,1,0,0,1,1,0,1
0,0,1,0,1,1,0,1
1,0,1,1,1,1,0,1
0,0,1,0,1,1,0,0
1,0,0,1,0,1,0,1
1,0,0,0,1,1,0,1
0,0,0,0,1,1,0,0
1,0,1,1,1,1,0,0
0,1,1,0,0,0,0,0
0,1,1,1,1,0,1,0
1,0,0,1,0,1,0,1
0,0,1,1,1,0,0,1
0,0,0,0,1,0,0,1
1,0,0,0,0,0,0,0
1,1,1,0,0,0,0,1
1,1,1,0,0,0,0,0
1,0,1,0,1,0,0,1
1,0,0,0,0,1,0,1
0,0,0,1,1,1,0,0
1,1,1,0,1,1,0,1
1,1,1,0,1,1,0,0
1,0,1,1,1,1,0,1
1,1,1,0,1,0,0,0
1,1,0,1,1,0,0,0
0,0,0,0,0,1,0,0
1,0,1,0,1,0,0,0
0,0,0,0,0,1,0,0
1,1,1,1,1,1,0,1
0,0,0,0,1,0,0,0
1,1,0,0,1,1,0,1
0,0,1,0,1,1,0,1
1,0,1,1,1,1,0,1
0,0,1,0,1,1,0,0
1,0,0,1,0,1,0,1
1,0,0,0,1,1,0,1
0,0,0,0,1,1,0,0
1,0,1,1,1,1,0,0
0,1,1,0,0,0,0,0
0,1,1,1,1,0,1,0
1,0,0,1,0,1,0,1
0,0,1,1,1,0,0,1
0,0,0,0,1,0,0,1
1,0,0,0,0,0,0,0
1,1,1,0,0,0,0,1
1,1,1,0,0,0,0,0
1,0,1,0,1,0,0,1
1,0,0,0,0,1,0,1
0,0,0,1,1,1,0,0
1,1,1,0,1,1,0,1
1,1,1,0,1,1,0,0
1,0,1,1,1,1,0,1
1,1,1,0,1,0,0,0
1,1,0,1,1,0,0,0
0,0,0,0,0,1,0,0
1,0,1,0,1,0,0,0
0,0,0,0,0,1,0,0
1,1,1,1,1,1,0,1
0,0,0,0,1,0,0,0
1,1,0,0,1,1,0,1
0,0,1,0,1,1,0,1
1,0,1,1,1,1,0,1
0,0,1,0,1,1,0,0
1,0,0,1,0,1,0,1
1,0,0,0,1,1,0,1
0,0,0,0,1,1,0,0
1,0,1,1,1,1,0,0
0,1,1,0,0,0,0,0
0,1,1,1,1,0,1,0
1,0,0,1,0,1,0,1
0,0,1,1,1,0,0,1
0,0,0,0,1,0,0,1
1,0,0,0,0,0,0,0
1,1,1,0,0,0,0,1
1,1,1,0,0,0,0,0
1,0,1,0,1,0,0,1
1,0,0,0,0,1,0,1
0,0,0,1,1,1,0,0
1,1,1,0,1,1,0,1
1,1,1,0,1,1,0,0
1,0,1,1,1,1,0,1
1,1,1,0,1,0,0,0
1,1,0,1,1,0,0,0
0,0,0,0,0,1,0,0
1,0,1,0,1,0,0,0
0,0,0,0,0,1,0,0
1,1,1,1,1,1,0,1
0,0,0,0,1,0,0,0
1,1,0,0,1,1,0,1
0,0,1,0,1,1,0,1
1,0,1,1,1,1,0,1
0,0,1,0,1,1,0,0
1,0,0,1,0,1,0,1
1,0,0,0,1,1,0,1
0,0,0,0,1,1,0,0
1,0,1,1,1,1,0,0
0,1,1,0,0,0,0,0
0,1,1,1,1,0,1,0
1,0,0,1,0,1,0,1
0,0,1,1,1,0,0,1
0,0,0,0,1,0,0,1
1,0,0,0,0,0,0,0
1,1,1,0,0,0,0,1
1,1,1,0,0,0,0,0
1,0,1,0,1,0,0,1
1,0,0,0,0,1,0,1
0,0,0,1,1,1,0,0
1,1,1,0,1,1,0,1
1,1,1,0,1,1,0,0
1,0,1,1,1,1,0,1
1,1,1,0,1,0,0,0
1,1,0,1,1,0,0,0
0,0,0,0,0,1,0,0
1,0,1,0,1,0,0,0
0,0,0,0,0,1,0,0
1,1,1,1,1,1,0,1
0,0,0,0,1,0,0,0
1,1,0,0,1,1,0,1
